<?xml version="1.0" encoding="utf-8"?>
<!DOCTYPE hibernate-configuration
  PUBLIC "-//Hibernate/Hibernate Configuration DTD//EN"
  "http://hibernate.sourceforge.net/hibernate-configuration-3.0.dtd">

<hibernate-configuration>
  <session-factory>
	<!-- <property name="hibernate.connection.url">jdbc:hsqldb:file:testdb;shutdown=true</property> -->
	
    <property name="hibernate.connection.url">jdbc:mysql://88.208.248.38:3306/inkshopcrm</property>
    <property name="hibernate.connection.driver_class">com.mysql.jdbc.Driver</property>
    <property name="hibernate.connection.username">inkshopcrm1</property>
    <property name="hibernate.connection.password">Inkshopcrm1</property>
    <property name="hibernate.connection.pool_size">0</property>
    <property name="hibernate.dialect">org.hibernate.dialect.MySQL5Dialect</property>
    
    <!-- You will usually want to set this to true while debugging Hibernate queries -->
    <property name="hibernate.show_sql">false</property>
   	
	<!-- Mapping files -->
	
        <mapping class="com.onlineInteract.dataModel.entities.ProductEntity"/>
	
  </session-factory>
</hibernate-configuration> 
